{
  "data": [
    {
      "UniqueName": "NSE_OPTIDX_NIFTY_23FEB2023_18100_PE",
      "Symbol": "NIFTY",
      "Ticker": "NIFTY_18100PE-I",
      "Contract": "I",
      "Exchange": "NSE",
      "InstrumentType": "OPTIDX",
      "ExpiryString": "23FEB2023",
      "StrikePriceString": "18100",
      "StrikePrice": 18100,
      "OptionType": "PE",
      "LastTradedTime": "2023-02-17T14:54:21",
      "LTD": 20230217,
      "LTT": 145421,
      "BBP": 223.8,
      "BBQ": 550,
      "BSP": 224.4,
      "BSQ": 500,
      "LTP": 224.4,
      "Open": 219.75,
      "High": 224.9,
      "Low": 219.75,
      "Vol": 19000,
      "PrevVol": 641460,
      "DayOpen": 142,
      "DayHighest": 240.95,
      "DayLowest": 126.4,
      "PrevClose": 118.85,
      "TTQ": 33343350,
      "OI": 2451000,
      "PrevOI": 157442500,
      "ATP": 170.62,
      "TTV": 5685346754,
      "IV": 13.01
    },
    {
      "UniqueName": "NSE_OPTIDX_NIFTY_23FEB2023_18100_PE",
      "Symbol": "NIFTY",
      "Ticker": "NIFTY_18100PE-I",
      "Contract": "I",
      "Exchange": "NSE",
      "InstrumentType": "OPTIDX",
      "ExpiryString": "23FEB2023",
      "StrikePriceString": "18100",
      "StrikePrice": 18100,
      "OptionType": "PE",
      "LastTradedTime": "2023-02-17T14:55:21",
      "LTD": 20230217,
      "LTT": 145521,
      "BBP": 221.3,
      "BBQ": 50,
      "BSP": 221.75,
      "BSQ": 350,
      "LTP": 220.8,
      "Open": 226.35,
      "High": 226.35,
      "Low": 220.8,
      "Vol": 9900,
      "PrevVol": 641460,
      "DayOpen": 142,
      "DayHighest": 240.95,
      "DayLowest": 126.4,
      "PrevClose": 118.85,
      "TTQ": 33371550,
      "OI": 2442300,
      "PrevOI": 157442500,
      "ATP": 170.66,
      "TTV": 5693174105,
      "IV": 12.78
    },
    {
      "UniqueName": "NSE_OPTIDX_NIFTY_23FEB2023_18100_PE",
      "Symbol": "NIFTY",
      "Ticker": "NIFTY_18100PE-I",
      "Contract": "I",
      "Exchange": "NSE",
      "InstrumentType": "OPTIDX",
      "ExpiryString": "23FEB2023",
      "StrikePriceString": "18100",
      "StrikePrice": 18100,
      "OptionType": "PE",
      "LastTradedTime": "2023-02-17T14:56:23",
      "LTD": 20230217,
      "LTT": 145623,
      "BBP": 219.7,
      "BBQ": 350,
      "BSP": 220.15,
      "BSQ": 200,
      "LTP": 220.2,
      "Open": 218.3,
      "High": 220.2,
      "Low": 214.45,
      "Vol": 16750,
      "PrevVol": 641460,
      "DayOpen": 142,
      "DayHighest": 240.95,
      "DayLowest": 126.4,
      "PrevClose": 118.85,
      "TTQ": 33435450,
      "OI": 2442300,
      "PrevOI": 157442500,
      "ATP": 170.75,
      "TTV": 5705591724,
      "IV": 13.09
    },
    {
      "UniqueName": "NSE_OPTIDX_NIFTY_23FEB2023_18100_PE",
      "Symbol": "NIFTY",
      "Ticker": "NIFTY_18100PE-I",
      "Contract": "I",
      "Exchange": "NSE",
      "InstrumentType": "OPTIDX",
      "ExpiryString": "23FEB2023",
      "StrikePriceString": "18100",
      "StrikePrice": 18100,
      "OptionType": "PE",
      "LastTradedTime": "2023-02-17T14:57:32",
      "LTD": 20230217,
      "LTT": 145732,
      "BBP": 217.95,
      "BBQ": 250,
      "BSP": 218.35,
      "BSQ": 50,
      "LTP": 218.05,
      "Open": 216.5,
      "High": 219.85,
      "Low": 216.35,
      "Vol": 10350,
      "PrevVol": 641460,
      "DayOpen": 142,
      "DayHighest": 240.95,
      "DayLowest": 126.4,
      "PrevClose": 118.85,
      "TTQ": 33461800,
      "OI": 2420400,
      "PrevOI": 157442500,
      "ATP": 170.79,
      "TTV": 5712546809,
      "IV": 12.92
    },
    {
      "UniqueName": "NSE_OPTIDX_NIFTY_23FEB2023_18100_PE",
      "Symbol": "NIFTY",
      "Ticker": "NIFTY_18100PE-I",
      "Contract": "I",
      "Exchange": "NSE",
      "InstrumentType": "OPTIDX",
      "ExpiryString": "23FEB2023",
      "StrikePriceString": "18100",
      "StrikePrice": 18100,
      "OptionType": "PE",
      "LastTradedTime": "2023-02-17T14:58:23",
      "LTD": 20230217,
      "LTT": 145823,
      "BBP": 220.05,
      "BBQ": 200,
      "BSP": 220.55,
      "BSQ": 50,
      "LTP": 220.45,
      "Open": 217.4,
      "High": 220.75,
      "Low": 216.5,
      "Vol": 2700,
      "PrevVol": 641460,
      "DayOpen": 142,
      "DayHighest": 240.95,
      "DayLowest": 126.4,
      "PrevClose": 118.85,
      "TTQ": 33470650,
      "OI": 2420400,
      "PrevOI": 157442500,
      "ATP": 170.8,
      "TTV": 5716436880,
      "IV": 13.08
    },
    {
      "UniqueName": "NSE_OPTIDX_NIFTY_23FEB2023_18100_PE",
      "Symbol": "NIFTY",
      "Ticker": "NIFTY_18100PE-I",
      "Contract": "I",
      "Exchange": "NSE",
      "InstrumentType": "OPTIDX",
      "ExpiryString": "23FEB2023",
      "StrikePriceString": "18100",
      "StrikePrice": 18100,
      "OptionType": "PE",
      "LastTradedTime": "2023-02-17T14:59:23",
      "LTD": 20230217,
      "LTT": 145923,
      "BBP": 211.5,
      "BBQ": 350,
      "BSP": 212,
      "BSQ": 300,
      "LTP": 212.1,
      "Open": 217.8,
      "High": 218.3,
      "Low": 208.2,
      "Vol": 120700,
      "PrevVol": 641460,
      "DayOpen": 142,
      "DayHighest": 240.95,
      "DayLowest": 126.4,
      "PrevClose": 118.85,
      "TTQ": 33604800,
      "OI": 2420400,
      "PrevOI": 157442500,
      "ATP": 170.96,
      "TTV": 5719771044,
      "IV": 12.72
    },
    {
      "UniqueName": "NSE_OPTIDX_NIFTY_23FEB2023_18100_PE",
      "Symbol": "NIFTY",
      "Ticker": "NIFTY_18100PE-I",
      "Contract": "I",
      "Exchange": "NSE",
      "InstrumentType": "OPTIDX",
      "ExpiryString": "23FEB2023",
      "StrikePriceString": "18100",
      "StrikePrice": 18100,
      "OptionType": "PE",
      "LastTradedTime": "2023-02-17T15:00:22",
      "LTD": 20230217,
      "LTT": 150022,
      "BBP": 196.8,
      "BBQ": 150,
      "BSP": 197.3,
      "BSQ": 300,
      "LTP": 197.05,
      "Open": 205.6,
      "High": 205.6,
      "Low": 196.5,
      "Vol": 52500,
      "PrevVol": 641460,
      "DayOpen": 142,
      "DayHighest": 240.95,
      "DayLowest": 126.4,
      "PrevClose": 118.85,
      "TTQ": 33688450,
      "OI": 2420400,
      "PrevOI": 157442500,
      "ATP": 171.04,
      "TTV": 5751798750,
      "IV": 12.3
    },
    {
      "UniqueName": "NSE_OPTIDX_NIFTY_23FEB2023_18100_PE",
      "Symbol": "NIFTY",
      "Ticker": "NIFTY_18100PE-I",
      "Contract": "I",
      "Exchange": "NSE",
      "InstrumentType": "OPTIDX",
      "ExpiryString": "23FEB2023",
      "StrikePriceString": "18100",
      "StrikePrice": 18100,
      "OptionType": "PE",
      "LastTradedTime": "2023-02-17T15:01:23",
      "LTD": 20230217,
      "LTT": 150123,
      "BBP": 197.7,
      "BBQ": 300,
      "BSP": 198.1,
      "BSQ": 250,
      "LTP": 198.3,
      "Open": 193.65,
      "High": 200.25,
      "Low": 192.05,
      "Vol": 54750,
      "PrevVol": 641460,
      "DayOpen": 142,
      "DayHighest": 240.95,
      "DayLowest": 126.4,
      "PrevClose": 118.85,
      "TTQ": 33843600,
      "OI": 2412100,
      "PrevOI": 157442500,
      "ATP": 171.17,
      "TTV": 5782127688,
      "IV": 12.71
    },
    {
      "UniqueName": "NSE_OPTIDX_NIFTY_23FEB2023_18100_PE",
      "Symbol": "NIFTY",
      "Ticker": "NIFTY_18100PE-I",
      "Contract": "I",
      "Exchange": "NSE",
      "InstrumentType": "OPTIDX",
      "ExpiryString": "23FEB2023",
      "StrikePriceString": "18100",
      "StrikePrice": 18100,
      "OptionType": "PE",
      "LastTradedTime": "2023-02-17T15:02:22",
      "LTD": 20230217,
      "LTT": 150222,
      "BBP": 203.3,
      "BBQ": 250,
      "BSP": 203.75,
      "BSQ": 200,
      "LTP": 203.85,
      "Open": 200.05,
      "High": 204.2,
      "Low": 200.05,
      "Vol": 17000,
      "PrevVol": 641460,
      "DayOpen": 142,
      "DayHighest": 240.95,
      "DayLowest": 126.4,
      "PrevClose": 118.85,
      "TTQ": 33917650,
      "OI": 2412100,
      "PrevOI": 157442500,
      "ATP": 171.23,
      "TTV": 5804768928,
      "IV": 12.76
    },
    {
      "UniqueName": "NSE_OPTIDX_NIFTY_23FEB2023_18100_PE",
      "Symbol": "NIFTY",
      "Ticker": "NIFTY_18100PE-I",
      "Contract": "I",
      "Exchange": "NSE",
      "InstrumentType": "OPTIDX",
      "ExpiryString": "23FEB2023",
      "StrikePriceString": "18100",
      "StrikePrice": 18100,
      "OptionType": "PE",
      "LastTradedTime": "2023-02-17T15:03:22",
      "LTD": 20230217,
      "LTT": 150322,
      "BBP": 197.05,
      "BBQ": 300,
      "BSP": 197.45,
      "BSQ": 200,
      "LTP": 196.7,
      "Open": 195.6,
      "High": 199.15,
      "Low": 195.6,
      "Vol": 37450,
      "PrevVol": 641460,
      "DayOpen": 142,
      "DayHighest": 240.95,
      "DayLowest": 126.4,
      "PrevClose": 118.85,
      "TTQ": 33990350,
      "OI": 2412100,
      "PrevOI": 157442500,
      "ATP": 171.29,
      "TTV": 5814902099,
      "IV": 12.35
    },
    {
      "UniqueName": "NSE_OPTIDX_NIFTY_23FEB2023_18100_PE",
      "Symbol": "NIFTY",
      "Ticker": "NIFTY_18100PE-I",
      "Contract": "I",
      "Exchange": "NSE",
      "InstrumentType": "OPTIDX",
      "ExpiryString": "23FEB2023",
      "StrikePriceString": "18100",
      "StrikePrice": 18100,
      "OptionType": "PE",
      "LastTradedTime": "2023-02-17T15:04:22",
      "LTD": 20230217,
      "LTT": 150422,
      "BBP": 193,
      "BBQ": 350,
      "BSP": 193.4,
      "BSQ": 150,
      "LTP": 193.55,
      "Open": 193.9,
      "High": 194.3,
      "Low": 189.85,
      "Vol": 42350,
      "PrevVol": 641460,
      "DayOpen": 142,
      "DayHighest": 240.95,
      "DayLowest": 126.4,
      "PrevClose": 118.85,
      "TTQ": 34066550,
      "OI": 2375850,
      "PrevOI": 157442500,
      "ATP": 171.34,
      "TTV": 5828771357,
      "IV": 12.52
    },
    {
      "UniqueName": "NSE_OPTIDX_NIFTY_23FEB2023_18100_PE",
      "Symbol": "NIFTY",
      "Ticker": "NIFTY_18100PE-I",
      "Contract": "I",
      "Exchange": "NSE",
      "InstrumentType": "OPTIDX",
      "ExpiryString": "23FEB2023",
      "StrikePriceString": "18100",
      "StrikePrice": 18100,
      "OptionType": "PE",
      "LastTradedTime": "2023-02-17T15:05:22",
      "LTD": 20230217,
      "LTT": 150522,
      "BBP": 193,
      "BBQ": 450,
      "BSP": 193.45,
      "BSQ": 550,
      "LTP": 193.5,
      "Open": 196,
      "High": 196,
      "Low": 192.35,
      "Vol": 21050,
      "PrevVol": 641460,
      "DayOpen": 142,
      "DayHighest": 240.95,
      "DayLowest": 126.4,
      "PrevClose": 118.85,
      "TTQ": 34124600,
      "OI": 2375850,
      "PrevOI": 157442500,
      "ATP": 171.38,
      "TTV": 5844164256,
      "IV": 12.25
    },
    {
      "UniqueName": "NSE_OPTIDX_NIFTY_23FEB2023_18100_PE",
      "Symbol": "NIFTY",
      "Ticker": "NIFTY_18100PE-I",
      "Contract": "I",
      "Exchange": "NSE",
      "InstrumentType": "OPTIDX",
      "ExpiryString": "23FEB2023",
      "StrikePriceString": "18100",
      "StrikePrice": 18100,
      "OptionType": "PE",
      "LastTradedTime": "2023-02-17T15:06:24",
      "LTD": 20230217,
      "LTT": 150624,
      "BBP": 196.65,
      "BBQ": 50,
      "BSP": 196.8,
      "BSQ": 50,
      "LTP": 196.6,
      "Open": 195.95,
      "High": 197.4,
      "Low": 194.15,
      "Vol": 19900,
      "PrevVol": 641460,
      "DayOpen": 142,
      "DayHighest": 240.95,
      "DayLowest": 126.4,
      "PrevClose": 118.85,
      "TTQ": 34169850,
      "OI": 2375850,
      "PrevOI": 157442500,
      "ATP": 171.41,
      "TTV": 5853447120,
      "IV": 12.38
    },
    {
      "UniqueName": "NSE_OPTIDX_NIFTY_23FEB2023_18100_PE",
      "Symbol": "NIFTY",
      "Ticker": "NIFTY_18100PE-I",
      "Contract": "I",
      "Exchange": "NSE",
      "InstrumentType": "OPTIDX",
      "ExpiryString": "23FEB2023",
      "StrikePriceString": "18100",
      "StrikePrice": 18100,
      "OptionType": "PE",
      "LastTradedTime": "2023-02-17T15:07:22",
      "LTD": 20230217,
      "LTT": 150722,
      "BBP": 195.05,
      "BBQ": 50,
      "BSP": 195.4,
      "BSQ": 100,
      "LTP": 195,
      "Open": 194.65,
      "High": 195.85,
      "Low": 193.7,
      "Vol": 14350,
      "PrevVol": 641460,
      "DayOpen": 142,
      "DayHighest": 240.95,
      "DayLowest": 126.4,
      "PrevClose": 118.85,
      "TTQ": 34201100,
      "OI": 2358450,
      "PrevOI": 157442500,
      "ATP": 171.43,
      "TTV": 5860489818,
      "IV": 12.3
    },
    {
      "UniqueName": "NSE_OPTIDX_NIFTY_23FEB2023_18100_PE",
      "Symbol": "NIFTY",
      "Ticker": "NIFTY_18100PE-I",
      "Contract": "I",
      "Exchange": "NSE",
      "InstrumentType": "OPTIDX",
      "ExpiryString": "23FEB2023",
      "StrikePriceString": "18100",
      "StrikePrice": 18100,
      "OptionType": "PE",
      "LastTradedTime": "2023-02-17T15:08:22",
      "LTD": 20230217,
      "LTT": 150822,
      "BBP": 189.75,
      "BBQ": 150,
      "BSP": 190.1,
      "BSQ": 200,
      "LTP": 189.75,
      "Open": 192.05,
      "High": 193.85,
      "Low": 188.8,
      "Vol": 40950,
      "PrevVol": 641460,
      "DayOpen": 142,
      "DayHighest": 240.95,
      "DayLowest": 126.4,
      "PrevClose": 118.85,
      "TTQ": 34264650,
      "OI": 2358450,
      "PrevOI": 157442500,
      "ATP": 171.47,
      "TTV": 5867679082,
      "IV": 12
    },
    {
      "UniqueName": "NSE_OPTIDX_NIFTY_23FEB2023_18100_PE",
      "Symbol": "NIFTY",
      "Ticker": "NIFTY_18100PE-I",
      "Contract": "I",
      "Exchange": "NSE",
      "InstrumentType": "OPTIDX",
      "ExpiryString": "23FEB2023",
      "StrikePriceString": "18100",
      "StrikePrice": 18100,
      "OptionType": "PE",
      "LastTradedTime": "2023-02-17T15:09:21",
      "LTD": 20230217,
      "LTT": 150921,
      "BBP": 188.75,
      "BBQ": 100,
      "BSP": 189.15,
      "BSQ": 50,
      "LTP": 188.95,
      "Open": 187.9,
      "High": 190,
      "Low": 186.85,
      "Vol": 24350,
      "PrevVol": 641460,
      "DayOpen": 142,
      "DayHighest": 240.95,
      "DayLowest": 126.4,
      "PrevClose": 118.85,
      "TTQ": 34334500,
      "OI": 2358450,
      "PrevOI": 157442500,
      "ATP": 171.5,
      "TTV": 5883933368,
      "IV": 11.93
    },
    {
      "UniqueName": "NSE_OPTIDX_NIFTY_23FEB2023_18100_PE",
      "Symbol": "NIFTY",
      "Ticker": "NIFTY_18100PE-I",
      "Contract": "I",
      "Exchange": "NSE",
      "InstrumentType": "OPTIDX",
      "ExpiryString": "23FEB2023",
      "StrikePriceString": "18100",
      "StrikePrice": 18100,
      "OptionType": "PE",
      "LastTradedTime": "2023-02-17T15:10:23",
      "LTD": 20230217,
      "LTT": 151023,
      "BBP": 183.45,
      "BBQ": 250,
      "BSP": 183.7,
      "BSQ": 150,
      "LTP": 183.7,
      "Open": 181.7,
      "High": 184.75,
      "Low": 180.35,
      "Vol": 82850,
      "PrevVol": 641460,
      "DayOpen": 142,
      "DayHighest": 240.95,
      "DayLowest": 126.4,
      "PrevClose": 118.85,
      "TTQ": 34456400,
      "OI": 2353750,
      "PrevOI": 157442500,
      "ATP": 171.55,
      "TTV": 5897217792,
      "IV": 12.04
    },
    {
      "UniqueName": "NSE_OPTIDX_NIFTY_23FEB2023_18100_PE",
      "Symbol": "NIFTY",
      "Ticker": "NIFTY_18100PE-I",
      "Contract": "I",
      "Exchange": "NSE",
      "InstrumentType": "OPTIDX",
      "ExpiryString": "23FEB2023",
      "StrikePriceString": "18100",
      "StrikePrice": 18100,
      "OptionType": "PE",
      "LastTradedTime": "2023-02-17T15:11:21",
      "LTD": 20230217,
      "LTT": 151121,
      "BBP": 185.8,
      "BBQ": 450,
      "BSP": 186.25,
      "BSQ": 150,
      "LTP": 186.5,
      "Open": 187.1,
      "High": 187.8,
      "Low": 185.55,
      "Vol": 22750,
      "PrevVol": 641460,
      "DayOpen": 142,
      "DayHighest": 240.95,
      "DayLowest": 126.4,
      "PrevClose": 118.85,
      "TTQ": 34511650,
      "OI": 2353750,
      "PrevOI": 157442500,
      "ATP": 171.57,
      "TTV": 5917601924,
      "IV": 12.11
    },
    {
      "UniqueName": "NSE_OPTIDX_NIFTY_23FEB2023_18100_PE",
      "Symbol": "NIFTY",
      "Ticker": "NIFTY_18100PE-I",
      "Contract": "I",
      "Exchange": "NSE",
      "InstrumentType": "OPTIDX",
      "ExpiryString": "23FEB2023",
      "StrikePriceString": "18100",
      "StrikePrice": 18100,
      "OptionType": "PE",
      "LastTradedTime": "2023-02-17T15:12:22",
      "LTD": 20230217,
      "LTT": 151222,
      "BBP": 181.05,
      "BBQ": 200,
      "BSP": 181.5,
      "BSQ": 650,
      "LTP": 181.55,
      "Open": 183.3,
      "High": 183.75,
      "Low": 181.35,
      "Vol": 31900,
      "PrevVol": 641460,
      "DayOpen": 142,
      "DayHighest": 240.95,
      "DayLowest": 126.4,
      "PrevClose": 118.85,
      "TTQ": 34579650,
      "OI": 2353750,
      "PrevOI": 157442500,
      "ATP": 171.59,
      "TTV": 5927745840,
      "IV": 12.03
    },
    {
      "UniqueName": "NSE_OPTIDX_NIFTY_23FEB2023_18100_PE",
      "Symbol": "NIFTY",
      "Ticker": "NIFTY_18100PE-I",
      "Contract": "I",
      "Exchange": "NSE",
      "InstrumentType": "OPTIDX",
      "ExpiryString": "23FEB2023",
      "StrikePriceString": "18100",
      "StrikePrice": 18100,
      "OptionType": "PE",
      "LastTradedTime": "2023-02-17T15:13:22",
      "LTD": 20230217,
      "LTT": 151322,
      "BBP": 185.65,
      "BBQ": 250,
      "BSP": 186,
      "BSQ": 400,
      "LTP": 185.95,
      "Open": 185.2,
      "High": 186.85,
      "Low": 185.15,
      "Vol": 21450,
      "PrevVol": 641460,
      "DayOpen": 142,
      "DayHighest": 240.95,
      "DayLowest": 126.4,
      "PrevClose": 118.85,
      "TTQ": 34641850,
      "OI": 2320350,
      "PrevOI": 157442500,
      "ATP": 171.62,
      "TTV": 5941318390,
      "IV": 12.22
    },
    {
      "UniqueName": "NSE_OPTIDX_NIFTY_23FEB2023_18100_PE",
      "Symbol": "NIFTY",
      "Ticker": "NIFTY_18100PE-I",
      "Contract": "I",
      "Exchange": "NSE",
      "InstrumentType": "OPTIDX",
      "ExpiryString": "23FEB2023",
      "StrikePriceString": "18100",
      "StrikePrice": 18100,
      "OptionType": "PE",
      "LastTradedTime": "2023-02-17T15:14:22",
      "LTD": 20230217,
      "LTT": 151422,
      "BBP": 186.45,
      "BBQ": 100,
      "BSP": 186.8,
      "BSQ": 650,
      "LTP": 186.85,
      "Open": 186.2,
      "High": 188.4,
      "Low": 186.1,
      "Vol": 22500,
      "PrevVol": 641460,
      "DayOpen": 142,
      "DayHighest": 240.95,
      "DayLowest": 126.4,
      "PrevClose": 118.85,
      "TTQ": 34732250,
      "OI": 2320350,
      "PrevOI": 157442500,
      "ATP": 171.66,
      "TTV": 5959052895,
      "IV": 12.36
    },
    {
      "UniqueName": "NSE_OPTIDX_NIFTY_23FEB2023_18100_PE",
      "Symbol": "NIFTY",
      "Ticker": "NIFTY_18100PE-I",
      "Contract": "I",
      "Exchange": "NSE",
      "InstrumentType": "OPTIDX",
      "ExpiryString": "23FEB2023",
      "StrikePriceString": "18100",
      "StrikePrice": 18100,
      "OptionType": "PE",
      "LastTradedTime": "2023-02-17T15:15:23",
      "LTD": 20230217,
      "LTT": 151523,
      "BBP": 184,
      "BBQ": 150,
      "BSP": 184.4,
      "BSQ": 250,
      "LTP": 184.05,
      "Open": 182.85,
      "High": 185.1,
      "Low": 180.3,
      "Vol": 79300,
      "PrevVol": 641460,
      "DayOpen": 142,
      "DayHighest": 240.95,
      "DayLowest": 126.4,
      "PrevClose": 118.85,
      "TTQ": 34836250,
      "OI": 2320350,
      "PrevOI": 157442500,
      "ATP": 171.69,
      "TTV": 5967498121,
      "IV": 12.44
    },
    {
      "UniqueName": "NSE_OPTIDX_NIFTY_23FEB2023_18100_PE",
      "Symbol": "NIFTY",
      "Ticker": "NIFTY_18100PE-I",
      "Contract": "I",
      "Exchange": "NSE",
      "InstrumentType": "OPTIDX",
      "ExpiryString": "23FEB2023",
      "StrikePriceString": "18100",
      "StrikePrice": 18100,
      "OptionType": "PE",
      "LastTradedTime": "2023-02-17T15:16:21",
      "LTD": 20230217,
      "LTT": 151621,
      "BBP": 184.9,
      "BBQ": 400,
      "BSP": 185.3,
      "BSQ": 300,
      "LTP": 185.2,
      "Open": 181.75,
      "High": 185.2,
      "Low": 181.75,
      "Vol": 50700,
      "PrevVol": 641460,
      "DayOpen": 142,
      "DayHighest": 240.95,
      "DayLowest": 126.4,
      "PrevClose": 118.85,
      "TTQ": 34973600,
      "OI": 2263350,
      "PrevOI": 157442500,
      "ATP": 171.74,
      "TTV": 5997080592,
      "IV": 12.37
    },
    {
      "UniqueName": "NSE_OPTIDX_NIFTY_23FEB2023_18100_PE",
      "Symbol": "NIFTY",
      "Ticker": "NIFTY_18100PE-I",
      "Contract": "I",
      "Exchange": "NSE",
      "InstrumentType": "OPTIDX",
      "ExpiryString": "23FEB2023",
      "StrikePriceString": "18100",
      "StrikePrice": 18100,
      "OptionType": "PE",
      "LastTradedTime": "2023-02-17T15:17:21",
      "LTD": 20230217,
      "LTT": 151721,
      "BBP": 185.15,
      "BBQ": 450,
      "BSP": 185.5,
      "BSQ": 400,
      "LTP": 185.5,
      "Open": 185.6,
      "High": 186.3,
      "Low": 184.55,
      "Vol": 17800,
      "PrevVol": 641460,
      "DayOpen": 142,
      "DayHighest": 240.95,
      "DayLowest": 126.4,
      "PrevClose": 118.85,
      "TTQ": 35032500,
      "OI": 2263350,
      "PrevOI": 157442500,
      "ATP": 171.76,
      "TTV": 6013800487,
      "IV": 12.32
    },
    {
      "UniqueName": "NSE_OPTIDX_NIFTY_23FEB2023_18100_PE",
      "Symbol": "NIFTY",
      "Ticker": "NIFTY_18100PE-I",
      "Contract": "I",
      "Exchange": "NSE",
      "InstrumentType": "OPTIDX",
      "ExpiryString": "23FEB2023",
      "StrikePriceString": "18100",
      "StrikePrice": 18100,
      "OptionType": "PE",
      "LastTradedTime": "2023-02-17T15:18:22",
      "LTD": 20230217,
      "LTT": 151822,
      "BBP": 184.35,
      "BBQ": 300,
      "BSP": 184.75,
      "BSQ": 100,
      "LTP": 184.55,
      "Open": 186.85,
      "High": 186.85,
      "Low": 183.7,
      "Vol": 16450,
      "PrevVol": 641460,
      "DayOpen": 142,
      "DayHighest": 240.95,
      "DayLowest": 126.4,
      "PrevClose": 118.85,
      "TTQ": 35074800,
      "OI": 2263350,
      "PrevOI": 157442500,
      "ATP": 171.78,
      "TTV": 6022058664,
      "IV": 12.32
    },
    {
      "UniqueName": "NSE_OPTIDX_NIFTY_23FEB2023_18100_PE",
      "Symbol": "NIFTY",
      "Ticker": "NIFTY_18100PE-I",
      "Contract": "I",
      "Exchange": "NSE",
      "InstrumentType": "OPTIDX",
      "ExpiryString": "23FEB2023",
      "StrikePriceString": "18100",
      "StrikePrice": 18100,
      "OptionType": "PE",
      "LastTradedTime": "2023-02-17T15:19:23",
      "LTD": 20230217,
      "LTT": 151923,
      "BBP": 182.55,
      "BBQ": 300,
      "BSP": 182.9,
      "BSQ": 250,
      "LTP": 182.65,
      "Open": 182.4,
      "High": 184.7,
      "Low": 181.9,
      "Vol": 14200,
      "PrevVol": 641460,
      "DayOpen": 142,
      "DayHighest": 240.95,
      "DayLowest": 126.4,
      "PrevClose": 118.85,
      "TTQ": 35121550,
      "OI": 2219200,
      "PrevOI": 157442500,
      "ATP": 171.79,
      "TTV": 6031538310,
      "IV": 12.19
    },
    {
      "UniqueName": "NSE_OPTIDX_NIFTY_23FEB2023_18100_PE",
      "Symbol": "NIFTY",
      "Ticker": "NIFTY_18100PE-I",
      "Contract": "I",
      "Exchange": "NSE",
      "InstrumentType": "OPTIDX",
      "ExpiryString": "23FEB2023",
      "StrikePriceString": "18100",
      "StrikePrice": 18100,
      "OptionType": "PE",
      "LastTradedTime": "2023-02-17T15:20:23",
      "LTD": 20230217,
      "LTT": 152023,
      "BBP": 183.95,
      "BBQ": 150,
      "BSP": 184.2,
      "BSQ": 50,
      "LTP": 183.9,
      "Open": 185.1,
      "High": 185.1,
      "Low": 182.85,
      "Vol": 39000,
      "PrevVol": 641460,
      "DayOpen": 142,
      "DayHighest": 240.95,
      "DayLowest": 126.4,
      "PrevClose": 118.85,
      "TTQ": 35199050,
      "OI": 2219200,
      "PrevOI": 157442500,
      "ATP": 171.82,
      "TTV": 6040908324,
      "IV": 12.27
    },
    {
      "UniqueName": "NSE_OPTIDX_NIFTY_23FEB2023_18100_PE",
      "Symbol": "NIFTY",
      "Ticker": "NIFTY_18100PE-I",
      "Contract": "I",
      "Exchange": "NSE",
      "InstrumentType": "OPTIDX",
      "ExpiryString": "23FEB2023",
      "StrikePriceString": "18100",
      "StrikePrice": 18100,
      "OptionType": "PE",
      "LastTradedTime": "2023-02-17T15:21:22",
      "LTD": 20230217,
      "LTT": 152122,
      "BBP": 183.75,
      "BBQ": 400,
      "BSP": 184.05,
      "BSQ": 100,
      "LTP": 184.1,
      "Open": 183.95,
      "High": 184.3,
      "Low": 182.95,
      "Vol": 11850,
      "PrevVol": 641460,
      "DayOpen": 142,
      "DayHighest": 240.95,
      "DayLowest": 126.4,
      "PrevClose": 118.85,
      "TTQ": 35293250,
      "OI": 2219200,
      "PrevOI": 157442500,
      "ATP": 171.85,
      "TTV": 6063142960,
      "IV": 12.24
    },
    {
      "UniqueName": "NSE_OPTIDX_NIFTY_23FEB2023_18100_PE",
      "Symbol": "NIFTY",
      "Ticker": "NIFTY_18100PE-I",
      "Contract": "I",
      "Exchange": "NSE",
      "InstrumentType": "OPTIDX",
      "ExpiryString": "23FEB2023",
      "StrikePriceString": "18100",
      "StrikePrice": 18100,
      "OptionType": "PE",
      "LastTradedTime": "2023-02-17T15:22:21",
      "LTD": 20230217,
      "LTT": 152221,
      "BBP": 184.6,
      "BBQ": 350,
      "BSP": 185.05,
      "BSQ": 700,
      "LTP": 184.6,
      "Open": 183,
      "High": 184.8,
      "Low": 183,
      "Vol": 17400,
      "PrevVol": 641460,
      "DayOpen": 142,
      "DayHighest": 240.95,
      "DayLowest": 126.4,
      "PrevClose": 118.85,
      "TTQ": 35324700,
      "OI": 2168800,
      "PrevOI": 157442500,
      "ATP": 171.86,
      "TTV": 6068325042,
      "IV": 12.37
    },
    {
      "UniqueName": "NSE_OPTIDX_NIFTY_23FEB2023_18100_PE",
      "Symbol": "NIFTY",
      "Ticker": "NIFTY_18100PE-I",
      "Contract": "I",
      "Exchange": "NSE",
      "InstrumentType": "OPTIDX",
      "ExpiryString": "23FEB2023",
      "StrikePriceString": "18100",
      "StrikePrice": 18100,
      "OptionType": "PE",
      "LastTradedTime": "2023-02-17T15:23:21",
      "LTD": 20230217,
      "LTT": 152321,
      "BBP": 184.55,
      "BBQ": 300,
      "BSP": 184.85,
      "BSQ": 50,
      "LTP": 184.8,
      "Open": 184.65,
      "High": 184.8,
      "Low": 183.65,
      "Vol": 7750,
      "PrevVol": 641460,
      "DayOpen": 142,
      "DayHighest": 240.95,
      "DayLowest": 126.4,
      "PrevClose": 118.85,
      "TTQ": 35345900,
      "OI": 2168800,
      "PrevOI": 157442500,
      "ATP": 171.87,
      "TTV": 6073653775,
      "IV": 12.25
    },
    {
      "UniqueName": "NSE_OPTIDX_NIFTY_23FEB2023_18100_PE",
      "Symbol": "NIFTY",
      "Ticker": "NIFTY_18100PE-I",
      "Contract": "I",
      "Exchange": "NSE",
      "InstrumentType": "OPTIDX",
      "ExpiryString": "23FEB2023",
      "StrikePriceString": "18100",
      "StrikePrice": 18100,
      "OptionType": "PE",
      "LastTradedTime": "2023-02-17T15:24:24",
      "LTD": 20230217,
      "LTT": 152424,
      "BBP": 184.75,
      "BBQ": 100,
      "BSP": 185,
      "BSQ": 250,
      "LTP": 185,
      "Open": 184.05,
      "High": 185,
      "Low": 182.9,
      "Vol": 12450,
      "PrevVol": 641460,
      "DayOpen": 142,
      "DayHighest": 240.95,
      "DayLowest": 126.4,
      "PrevClose": 118.85,
      "TTQ": 35369650,
      "OI": 2168800,
      "PrevOI": 157442500,
      "ATP": 171.88,
      "TTV": 6076945086,
      "IV": 12.09
    },
    {
      "UniqueName": "NSE_OPTIDX_NIFTY_23FEB2023_18100_PE",
      "Symbol": "NIFTY",
      "Ticker": "NIFTY_18100PE-I",
      "Contract": "I",
      "Exchange": "NSE",
      "InstrumentType": "OPTIDX",
      "ExpiryString": "23FEB2023",
      "StrikePriceString": "18100",
      "StrikePrice": 18100,
      "OptionType": "PE",
      "LastTradedTime": "2023-02-17T15:25:22",
      "LTD": 20230217,
      "LTT": 152522,
      "BBP": 185.95,
      "BBQ": 100,
      "BSP": 186.4,
      "BSQ": 1400,
      "LTP": 186.3,
      "Open": 187.6,
      "High": 187.6,
      "Low": 185.45,
      "Vol": 28450,
      "PrevVol": 641460,
      "DayOpen": 142,
      "DayHighest": 240.95,
      "DayLowest": 126.4,
      "PrevClose": 118.85,
      "TTQ": 35435450,
      "OI": 2143000,
      "PrevOI": 157442500,
      "ATP": 171.9,
      "TTV": 6086212364,
      "IV": 12.34
    },
    {
      "UniqueName": "NSE_OPTIDX_NIFTY_23FEB2023_18100_PE",
      "Symbol": "NIFTY",
      "Ticker": "NIFTY_18100PE-I",
      "Contract": "I",
      "Exchange": "NSE",
      "InstrumentType": "OPTIDX",
      "ExpiryString": "23FEB2023",
      "StrikePriceString": "18100",
      "StrikePrice": 18100,
      "OptionType": "PE",
      "LastTradedTime": "2023-02-17T15:26:23",
      "LTD": 20230217,
      "LTT": 152623,
      "BBP": 186.9,
      "BBQ": 50,
      "BSP": 187.05,
      "BSQ": 500,
      "LTP": 186.55,
      "Open": 186.95,
      "High": 187.4,
      "Low": 186.55,
      "Vol": 26400,
      "PrevVol": 641460,
      "DayOpen": 142,
      "DayHighest": 240.95,
      "DayLowest": 126.4,
      "PrevClose": 118.85,
      "TTQ": 35489200,
      "OI": 2143000,
      "PrevOI": 157442500,
      "ATP": 171.93,
      "TTV": 6096807556,
      "IV": 12.51
    },
    {
      "UniqueName": "NSE_OPTIDX_NIFTY_23FEB2023_18100_PE",
      "Symbol": "NIFTY",
      "Ticker": "NIFTY_18100PE-I",
      "Contract": "I",
      "Exchange": "NSE",
      "InstrumentType": "OPTIDX",
      "ExpiryString": "23FEB2023",
      "StrikePriceString": "18100",
      "StrikePrice": 18100,
      "OptionType": "PE",
      "LastTradedTime": "2023-02-17T15:27:23",
      "LTD": 20230217,
      "LTT": 152723,
      "BBP": 186.3,
      "BBQ": 150,
      "BSP": 186.6,
      "BSQ": 450,
      "LTP": 186.6,
      "Open": 187.4,
      "High": 187.5,
      "Low": 186.6,
      "Vol": 20100,
      "PrevVol": 641460,
      "DayOpen": 142,
      "DayHighest": 240.95,
      "DayLowest": 126.4,
      "PrevClose": 118.85,
      "TTQ": 35528050,
      "OI": 2143000,
      "PrevOI": 157442500,
      "ATP": 171.94,
      "TTV": 6105400266,
      "IV": 12.4
    },
    {
      "UniqueName": "NSE_OPTIDX_NIFTY_23FEB2023_18100_PE",
      "Symbol": "NIFTY",
      "Ticker": "NIFTY_18100PE-I",
      "Contract": "I",
      "Exchange": "NSE",
      "InstrumentType": "OPTIDX",
      "ExpiryString": "23FEB2023",
      "StrikePriceString": "18100",
      "StrikePrice": 18100,
      "OptionType": "PE",
      "LastTradedTime": "2023-02-17T15:28:22",
      "LTD": 20230217,
      "LTT": 152822,
      "BBP": 188.3,
      "BBQ": 300,
      "BSP": 188.6,
      "BSQ": 50,
      "LTP": 188.25,
      "Open": 185.7,
      "High": 189.7,
      "Low": 185.05,
      "Vol": 158500,
      "PrevVol": 641460,
      "DayOpen": 142,
      "DayHighest": 240.95,
      "DayLowest": 126.4,
      "PrevClose": 118.85,
      "TTQ": 35709350,
      "OI": 2090350,
      "PrevOI": 157442500,
      "ATP": 172.02,
      "TTV": 6115086756,
      "IV": 12.67
    },
    {
      "UniqueName": "NSE_OPTIDX_NIFTY_23FEB2023_18100_PE",
      "Symbol": "NIFTY",
      "Ticker": "NIFTY_18100PE-I",
      "Contract": "I",
      "Exchange": "NSE",
      "InstrumentType": "OPTIDX",
      "ExpiryString": "23FEB2023",
      "StrikePriceString": "18100",
      "StrikePrice": 18100,
      "OptionType": "PE",
      "LastTradedTime": "2023-02-17T15:29:23",
      "LTD": 20230217,
      "LTT": 152923,
      "BBP": 184.95,
      "BBQ": 50,
      "BSP": 185.55,
      "BSQ": 300,
      "LTP": 185.3,
      "Open": 187.05,
      "High": 187.35,
      "Low": 184.9,
      "Vol": 19400,
      "PrevVol": 641460,
      "DayOpen": 142,
      "DayHighest": 240.95,
      "DayLowest": 126.4,
      "PrevClose": 118.85,
      "TTQ": 35747150,
      "OI": 2090350,
      "PrevOI": 157442500,
      "ATP": 172.04,
      "TTV": 6146279238,
      "IV": 12.09
    }
  ]
}
