{"_listenerDemux":{"_mainStream":{"nextConsumerId":1,"_consumers":{},"_tailNode":{"data":{"value":{"stream":"connect","data":{"value":{"id":"g7pP-PmhLvsdMfwlAPW5","pingTimeout":36000000,"isAuthenticated":false,"authToken":null},"done":false}},"done":false},"next":null}}},"id":"g7pP-PmhLvsdMfwlAPW5","version":"17.1.0","protocolVersion":2,"state":"open","authState":"unauthenticated","signedAuthToken":null,"authToken":null,"pendingReconnect":false,"pendingReconnectTimeout":null,"preparingPendingSubscriptions":false,"clientId":"258c7f8a-5599-4f20-8eb0-d6687a1871eb","wsOptions":{},"connectTimeout":20000,"ackTimeout":10000,"channelPrefix":null,"disconnectOnUnload":true,"authTokenName":"socketcluster.authToken","pingTimeout":36000000,"pingTimeoutDisabled":false,"connectAttempts":0,"isBatching":false,"batchOnHandshake":false,"batchOnHandshakeDuration":100,"_batchingIntervalId":null,"_outboundBuffer":{},"_channelMap":{},"_channelEventDemux":{"_mainStream":{"nextConsumerId":1,"_consumers":{},"_tailNode":{"next":null,"data":{"done":false}}}},"_channelDataDemux":{"_mainStream":{"nextConsumerId":1,"_consumers":{},"_tailNode":{"next":null,"data":{"done":false}}}},"_receiverDemux":{"_mainStream":{"nextConsumerId":1,"_consumers":{},"_tailNode":{"data":{"value":{"stream":"getcsvdataheader","data":{"value":"Ticker,Symbol,ShortName,SymbolID,LTD,LTM,LTT,Open,High,Low,LTP,Volume,OI,PrevClose","done":false}},"done":false},"next":null}}},"_procedureDemux":{"_mainStream":{"nextConsumerId":1,"_consumers":{},"_tailNode":{"next":null,"data":{"done":false}}}},"options":{"path":"","protocolScheme":null,"socketPath":null,"autoConnect":true,"autoReconnect":true,"autoSubscribeOnConnect":true,"connectTimeout":20000,"ackTimeout":10000,"timestampRequests":false,"timestampParam":"t","authTokenName":"socketcluster.authToken","binaryType":"arraybuffer","batchOnHandshake":false,"batchOnHandshakeDuration":100,"batchInterval":50,"protocolVersion":2,"wsOptions":"~wsOptions","cloneData":false,"clientId":"258c7f8a-5599-4f20-8eb0-d6687a1871eb","port":80,"hostname":"116.202.165.216:992/directrt/?loginid=DC-MAHE9699&accesstoken=657d82470fda4bb48915b87cd52bf31e&product=DIRECTRTLITE","version":"17.1.0","pingTimeout":20000,"autoReconnectOptions":{"initialDelay":10000,"randomness":10000,"multiplier":1.5,"maxDelay":60000},"subscriptionRetryOptions":{},"query":{}},"_cid":2,"auth":{"_internalStorage":{},"isLocalStorageEnabled":false},"codec":{},"transport":{"state":"open","auth":"~auth","codec":"~codec","options":"~options","wsOptions":"~wsOptions","protocolVersion":2,"connectTimeout":20000,"pingTimeout":36000000,"pingTimeoutDisabled":false,"authTokenName":"socketcluster.authToken","isBufferingBatch":false,"_pingTimeoutTicker":{"_idleTimeout":36000000,"_idlePrev":{"_idleNext":"~transport~_pingTimeoutTicker","_idlePrev":"~transport~_pingTimeoutTicker","expiry":36006835,"id":-9007199254740986,"msecs":36000000,"priorityQueuePosition":2},"_idleNext":"~transport~_pingTimeoutTicker~_idlePrev","_idleStart":41135,"_repeat":null,"_destroyed":false},"_callbackMap":{},"_batchBuffer":[],"socket":{"_events":{},"_eventsCount":4,"_binaryType":"arraybuffer","_closeCode":1006,"_closeFrameReceived":false,"_closeFrameSent":false,"_closeMessage":{"type":"Buffer","data":[]},"_closeTimer":null,"_extensions":{},"_paused":false,"_protocol":"","_readyState":1,"_receiver":{"_writableState":{"objectMode":false,"highWaterMark":16384,"finalCalled":false,"needDrain":false,"ending":false,"ended":false,"finished":false,"destroyed":false,"decodeStrings":true,"defaultEncoding":"utf8","length":0,"writing":false,"corked":0,"sync":false,"bufferProcessing":false,"writecb":null,"writelen":0,"afterWriteTickInfo":null,"buffered":[],"bufferedIndex":0,"allBuffers":true,"allNoop":true,"pendingcb":0,"prefinished":false,"errorEmitted":false,"emitClose":true,"autoDestroy":true,"errored":null,"closed":false},"_events":{},"_eventsCount":6,"_binaryType":"arraybuffer","_extensions":"~transport~socket~_extensions","_isServer":false,"_maxPayload":104857600,"_skipUTF8Validation":false,"_bufferedBytes":0,"_buffers":[],"_compressed":false,"_payloadLength":93,"_fragmented":0,"_masked":false,"_fin":true,"_opcode":1,"_totalPayloadLength":0,"_messageLength":0,"_fragments":[],"_state":0,"_loop":false},"_sender":{"_extensions":"~transport~socket~_extensions","_socket":{"connecting":false,"_hadError":false,"_parent":null,"_host":null,"_readableState":{"objectMode":false,"highWaterMark":16384,"buffer":{"head":null,"tail":null,"length":0},"length":0,"pipes":[],"flowing":true,"ended":false,"endEmitted":false,"reading":true,"sync":false,"needReadable":true,"emittedReadable":false,"readableListening":false,"resumeScheduled":false,"errorEmitted":false,"emitClose":false,"autoDestroy":false,"destroyed":false,"errored":null,"closed":false,"closeEmitted":false,"defaultEncoding":"utf8","awaitDrainWriters":null,"multiAwaitDrain":false,"readingMore":false,"dataEmitted":true,"decoder":null,"encoding":null},"_events":{"end":[null,null]},"_eventsCount":4,"_writableState":{"objectMode":false,"highWaterMark":16384,"finalCalled":false,"needDrain":false,"ending":false,"ended":false,"finished":false,"destroyed":false,"decodeStrings":false,"defaultEncoding":"utf8","length":0,"writing":false,"corked":0,"sync":false,"bufferProcessing":false,"writecb":null,"writelen":0,"afterWriteTickInfo":null,"buffered":[],"bufferedIndex":0,"allBuffers":true,"allNoop":true,"pendingcb":0,"prefinished":false,"errorEmitted":false,"emitClose":false,"autoDestroy":false,"errored":null,"closed":false,"closeEmitted":false,"writable":true},"allowHalfOpen":false,"_sockname":null,"_pendingData":null,"_pendingEncoding":"","server":null,"_server":null,"parser":null,"_httpMessage":null,"timeout":0},"_firstFragment":true,"_compress":false,"_bufferedBytes":0,"_deflating":false,"_queue":[]},"_socket":"~transport~socket~_sender~_socket","_bufferedAmount":0,"_isServer":false,"_redirects":0,"_url":"ws://116.202.165.216:992/directrt/?loginid=DC-MAHE9699&accesstoken=657d82470fda4bb48915b87cd52bf31e&product=DIRECTRTLITE","_req":null},"_connectTimeoutRef":{"_idleTimeout":-1,"_idlePrev":null,"_idleNext":null,"_idleStart":40638,"_onTimeout":null,"_repeat":null,"_destroyed":true}}}