{
    "data": [
        {
            "strikePrice": 18100,
            "expiryDate": "16FEB2023",
            "startDate": "14-Feb-2023",
            "callput": "PE",
            "spot": 17922.35,
            "strike": "18100 PE",
            "rows": [
                {
                    "CPE": {
                        "underlying": "NIFTY",
                        "impliedVolatility": 14.81,
                        "underlyingValue": 17917.35,
                        "premium": 193.47,
                        "delta": -0.8078,
                        "gamma": 0.0014,
                        "vega": 3.625,
                        "theta": -9.4033,
                        "iv": 182.65,
                        "timeValue": 10.82,
                        "points": -143.47,
                        "PL": -35867.5,
                        "premiumStatus": "RECEIVED",
                        "entry": 50,
                        "lotsize": 50,
                        "numlots": 5,
                        "orderType": "Sell",
                        "quantity": 250,
                        "underlyingPremium": -193.47,
                        "underlyingPremiumTotal": -967.35,
                        "entryPremium": -50,
                        "entryPremiumTotal": -250,
                        "deltaOrdered": 0.8078,
                        "deltaOrderedTotal": 4.039,
                        "gammaOrdered": -0.0014,
                        "gammaOrderedTotal": -0.007,
                        "thetaOrdered": 9.4033,
                        "thetaOrderedTotal": 47.0165,
                        "vegaOrdered": -3.625,
                        "vegaOrderedTotal": -18.125,
                        "orderHelper": "NIFTY_16-Feb-2023_18100_PE@50"
                    }
                },
                {
                    "CPE": {
                        "underlying": "NIFTY",
                        "impliedVolatility": 14.81,
                        "underlyingValue": 17918.35,
                        "premium": 192.67,
                        "delta": -0.8064,
                        "gamma": 0.0014,
                        "vega": 3.6412,
                        "theta": -9.4703,
                        "iv": 181.65,
                        "timeValue": 11.02,
                        "points": -142.67,
                        "PL": -35667.5,
                        "premiumStatus": "RECEIVED",
                        "entry": 50,
                        "lotsize": 50,
                        "numlots": 5,
                        "orderType": "Sell",
                        "quantity": 250,
                        "underlyingPremium": -192.67,
                        "underlyingPremiumTotal": -963.3499999999999,
                        "entryPremium": -50,
                        "entryPremiumTotal": -250,
                        "deltaOrdered": 0.8064,
                        "deltaOrderedTotal": 4.032,
                        "gammaOrdered": -0.0014,
                        "gammaOrderedTotal": -0.007,
                        "thetaOrdered": 9.4703,
                        "thetaOrderedTotal": 47.3515,
                        "vegaOrdered": -3.6412,
                        "vegaOrderedTotal": -18.206,
                        "orderHelper": "NIFTY_16-Feb-2023_18100_PE@50"
                    }
                },
                {
                    "CPE": {
                        "underlying": "NIFTY",
                        "impliedVolatility": 14.81,
                        "underlyingValue": 17919.35,
                        "premium": 191.86,
                        "delta": -0.805,
                        "gamma": 0.0014,
                        "vega": 3.6575,
                        "theta": -9.5372,
                        "iv": 180.65,
                        "timeValue": 11.21,
                        "points": -141.86,
                        "PL": -35465,
                        "premiumStatus": "RECEIVED",
                        "entry": 50,
                        "lotsize": 50,
                        "numlots": 5,
                        "orderType": "Sell",
                        "quantity": 250,
                        "underlyingPremium": -191.86,
                        "underlyingPremiumTotal": -959.3000000000001,
                        "entryPremium": -50,
                        "entryPremiumTotal": -250,
                        "deltaOrdered": 0.805,
                        "deltaOrderedTotal": 4.025,
                        "gammaOrdered": -0.0014,
                        "gammaOrderedTotal": -0.007,
                        "thetaOrdered": 9.5372,
                        "thetaOrderedTotal": 47.686,
                        "vegaOrdered": -3.6575,
                        "vegaOrderedTotal": -18.2875,
                        "orderHelper": "NIFTY_16-Feb-2023_18100_PE@50"
                    }
                },
                {
                    "CPE": {
                        "underlying": "NIFTY",
                        "impliedVolatility": 14.81,
                        "underlyingValue": 17920.35,
                        "premium": 191.06,
                        "delta": -0.8036,
                        "gamma": 0.0014,
                        "vega": 3.6736,
                        "theta": -9.6041,
                        "iv": 179.65,
                        "timeValue": 11.41,
                        "points": -141.06,
                        "PL": -35265,
                        "premiumStatus": "RECEIVED",
                        "entry": 50,
                        "lotsize": 50,
                        "numlots": 5,
                        "orderType": "Sell",
                        "quantity": 250,
                        "underlyingPremium": -191.06,
                        "underlyingPremiumTotal": -955.3,
                        "entryPremium": -50,
                        "entryPremiumTotal": -250,
                        "deltaOrdered": 0.8036,
                        "deltaOrderedTotal": 4.018,
                        "gammaOrdered": -0.0014,
                        "gammaOrderedTotal": -0.007,
                        "thetaOrdered": 9.6041,
                        "thetaOrderedTotal": 48.0205,
                        "vegaOrdered": -3.6736,
                        "vegaOrderedTotal": -18.368,
                        "orderHelper": "NIFTY_16-Feb-2023_18100_PE@50"
                    }
                },
                {
                    "CPE": {
                        "underlying": "NIFTY",
                        "impliedVolatility": 14.81,
                        "underlyingValue": 17921.35,
                        "premium": 190.25,
                        "delta": -0.8022,
                        "gamma": 0.0014,
                        "vega": 3.6898,
                        "theta": -9.6709,
                        "iv": 178.65,
                        "timeValue": 11.6,
                        "points": -140.25,
                        "PL": -35062.5,
                        "premiumStatus": "RECEIVED",
                        "entry": 50,
                        "lotsize": 50,
                        "numlots": 5,
                        "orderType": "Sell",
                        "quantity": 250,
                        "underlyingPremium": -190.25,
                        "underlyingPremiumTotal": -951.25,
                        "entryPremium": -50,
                        "entryPremiumTotal": -250,
                        "deltaOrdered": 0.8022,
                        "deltaOrderedTotal": 4.011,
                        "gammaOrdered": -0.0014,
                        "gammaOrderedTotal": -0.007,
                        "thetaOrdered": 9.6709,
                        "thetaOrderedTotal": 48.3545,
                        "vegaOrdered": -3.6898,
                        "vegaOrderedTotal": -18.449,
                        "orderHelper": "NIFTY_16-Feb-2023_18100_PE@50"
                    }
                },
                {
                    "CPE": {
                        "underlying": "NIFTY",
                        "impliedVolatility": 14.81,
                        "underlyingValue": 17922.35,
                        "premium": 189.45,
                        "delta": -0.8007,
                        "gamma": 0.0014,
                        "vega": 3.706,
                        "theta": -9.7376,
                        "iv": 177.65,
                        "timeValue": 11.8,
                        "points": -139.45,
                        "PL": -34862.5,
                        "premiumStatus": "RECEIVED",
                        "entry": 50,
                        "lotsize": 50,
                        "numlots": 5,
                        "orderType": "Sell",
                        "quantity": 250,
                        "underlyingPremium": -189.45,
                        "underlyingPremiumTotal": -947.25,
                        "entryPremium": -50,
                        "entryPremiumTotal": -250,
                        "deltaOrdered": 0.8007,
                        "deltaOrderedTotal": 4.0035,
                        "gammaOrdered": -0.0014,
                        "gammaOrderedTotal": -0.007,
                        "thetaOrdered": 9.7376,
                        "thetaOrderedTotal": 48.688,
                        "vegaOrdered": -3.706,
                        "vegaOrderedTotal": -18.53,
                        "orderHelper": "NIFTY_16-Feb-2023_18100_PE@50"
                    }
                },
                {
                    "CPE": {
                        "underlying": "NIFTY",
                        "impliedVolatility": 14.81,
                        "underlyingValue": 17923.35,
                        "premium": 188.65,
                        "delta": -0.7993,
                        "gamma": 0.0014,
                        "vega": 3.7221,
                        "theta": -9.8043,
                        "iv": 176.65,
                        "timeValue": 12,
                        "points": -138.65,
                        "PL": -34662.5,
                        "premiumStatus": "RECEIVED",
                        "entry": 50,
                        "lotsize": 50,
                        "numlots": 5,
                        "orderType": "Sell",
                        "quantity": 250,
                        "underlyingPremium": -188.65,
                        "underlyingPremiumTotal": -943.25,
                        "entryPremium": -50,
                        "entryPremiumTotal": -250,
                        "deltaOrdered": 0.7993,
                        "deltaOrderedTotal": 3.9965,
                        "gammaOrdered": -0.0014,
                        "gammaOrderedTotal": -0.007,
                        "thetaOrdered": 9.8043,
                        "thetaOrderedTotal": 49.0215,
                        "vegaOrdered": -3.7221,
                        "vegaOrderedTotal": -18.6105,
                        "orderHelper": "NIFTY_16-Feb-2023_18100_PE@50"
                    }
                },
                {
                    "CPE": {
                        "underlying": "NIFTY",
                        "impliedVolatility": 14.81,
                        "underlyingValue": 17924.35,
                        "premium": 187.85,
                        "delta": -0.7979,
                        "gamma": 0.0014,
                        "vega": 3.7382,
                        "theta": -9.8709,
                        "iv": 175.65,
                        "timeValue": 12.2,
                        "points": -137.85,
                        "PL": -34462.5,
                        "premiumStatus": "RECEIVED",
                        "entry": 50,
                        "lotsize": 50,
                        "numlots": 5,
                        "orderType": "Sell",
                        "quantity": 250,
                        "underlyingPremium": -187.85,
                        "underlyingPremiumTotal": -939.25,
                        "entryPremium": -50,
                        "entryPremiumTotal": -250,
                        "deltaOrdered": 0.7979,
                        "deltaOrderedTotal": 3.9895,
                        "gammaOrdered": -0.0014,
                        "gammaOrderedTotal": -0.007,
                        "thetaOrdered": 9.8709,
                        "thetaOrderedTotal": 49.3545,
                        "vegaOrdered": -3.7382,
                        "vegaOrderedTotal": -18.691,
                        "orderHelper": "NIFTY_16-Feb-2023_18100_PE@50"
                    }
                },
                {
                    "CPE": {
                        "underlying": "NIFTY",
                        "impliedVolatility": 14.81,
                        "underlyingValue": 17925.35,
                        "premium": 187.06,
                        "delta": -0.7964,
                        "gamma": 0.0014,
                        "vega": 3.7542,
                        "theta": -9.9374,
                        "iv": 174.65,
                        "timeValue": 12.41,
                        "points": -137.06,
                        "PL": -34265,
                        "premiumStatus": "RECEIVED",
                        "entry": 50,
                        "lotsize": 50,
                        "numlots": 5,
                        "orderType": "Sell",
                        "quantity": 250,
                        "underlyingPremium": -187.06,
                        "underlyingPremiumTotal": -935.3,
                        "entryPremium": -50,
                        "entryPremiumTotal": -250,
                        "deltaOrdered": 0.7964,
                        "deltaOrderedTotal": 3.982,
                        "gammaOrdered": -0.0014,
                        "gammaOrderedTotal": -0.007,
                        "thetaOrdered": 9.9374,
                        "thetaOrderedTotal": 49.687,
                        "vegaOrdered": -3.7542,
                        "vegaOrderedTotal": -18.771,
                        "orderHelper": "NIFTY_16-Feb-2023_18100_PE@50"
                    }
                },
                {
                    "CPE": {
                        "underlying": "NIFTY",
                        "impliedVolatility": 14.81,
                        "underlyingValue": 17926.35,
                        "premium": 186.26,
                        "delta": -0.795,
                        "gamma": 0.0014,
                        "vega": 3.7703,
                        "theta": -10.0039,
                        "iv": 173.65,
                        "timeValue": 12.61,
                        "points": -136.26,
                        "PL": -34065,
                        "premiumStatus": "RECEIVED",
                        "entry": 50,
                        "lotsize": 50,
                        "numlots": 5,
                        "orderType": "Sell",
                        "quantity": 250,
                        "underlyingPremium": -186.26,
                        "underlyingPremiumTotal": -931.3,
                        "entryPremium": -50,
                        "entryPremiumTotal": -250,
                        "deltaOrdered": 0.795,
                        "deltaOrderedTotal": 3.975,
                        "gammaOrdered": -0.0014,
                        "gammaOrderedTotal": -0.007,
                        "thetaOrdered": 10.0039,
                        "thetaOrderedTotal": 50.0195,
                        "vegaOrdered": -3.7703,
                        "vegaOrderedTotal": -18.8515,
                        "orderHelper": "NIFTY_16-Feb-2023_18100_PE@50"
                    }
                },
                {
                    "CPE": {
                        "underlying": "NIFTY",
                        "impliedVolatility": 14.81,
                        "underlyingValue": 17927.35,
                        "premium": 185.47,
                        "delta": -0.7936,
                        "gamma": 0.0015,
                        "vega": 3.7863,
                        "theta": -10.0702,
                        "iv": 172.65,
                        "timeValue": 12.82,
                        "points": -135.47,
                        "PL": -33867.5,
                        "premiumStatus": "RECEIVED",
                        "entry": 50,
                        "lotsize": 50,
                        "numlots": 5,
                        "orderType": "Sell",
                        "quantity": 250,
                        "underlyingPremium": -185.47,
                        "underlyingPremiumTotal": -927.35,
                        "entryPremium": -50,
                        "entryPremiumTotal": -250,
                        "deltaOrdered": 0.7936,
                        "deltaOrderedTotal": 3.968,
                        "gammaOrdered": -0.0015,
                        "gammaOrderedTotal": -0.0075,
                        "thetaOrdered": 10.0702,
                        "thetaOrderedTotal": 50.351,
                        "vegaOrdered": -3.7863,
                        "vegaOrderedTotal": -18.9315,
                        "orderHelper": "NIFTY_16-Feb-2023_18100_PE@50"
                    }
                }
            ]
        },
        {
            "strikePrice": 18500,
            "expiryDate": "16FEB2023",
            "startDate": "14-Feb-2023",
            "callput": "CE",
            "spot": 17922.35,
            "strike": "18500 CE",
            "rows": [
                {
                    "CPE": {
                        "underlying": "NIFTY",
                        "impliedVolatility": 18.27,
                        "underlyingValue": 17917.35,
                        "premium": 0.84,
                        "delta": 0.0102,
                        "gamma": 0.0001,
                        "vega": 0.3596,
                        "theta": -1.6923,
                        "iv": 0,
                        "timeValue": 0.84,
                        "points": 49.16,
                        "PL": 12290,
                        "premiumStatus": "RECEIVED",
                        "entry": 50,
                        "lotsize": 50,
                        "numlots": 5,
                        "orderType": "Sell",
                        "quantity": 250,
                        "underlyingPremium": -0.84,
                        "underlyingPremiumTotal": -4.2,
                        "entryPremium": -50,
                        "entryPremiumTotal": -250,
                        "deltaOrdered": -0.0102,
                        "deltaOrderedTotal": -0.051,
                        "gammaOrdered": -0.0001,
                        "gammaOrderedTotal": -0.0005,
                        "thetaOrdered": 1.6923,
                        "thetaOrderedTotal": 8.4615,
                        "vegaOrdered": -0.3596,
                        "vegaOrderedTotal": -1.798,
                        "orderHelper": "NIFTY_16-Feb-2023_18500_CE@50"
                    }
                },
                {
                    "CPE": {
                        "underlying": "NIFTY",
                        "impliedVolatility": 18.27,
                        "underlyingValue": 17918.35,
                        "premium": 0.85,
                        "delta": 0.0103,
                        "gamma": 0.0001,
                        "vega": 0.3631,
                        "theta": -1.7087,
                        "iv": 0,
                        "timeValue": 0.85,
                        "points": 49.15,
                        "PL": 12287.5,
                        "premiumStatus": "RECEIVED",
                        "entry": 50,
                        "lotsize": 50,
                        "numlots": 5,
                        "orderType": "Sell",
                        "quantity": 250,
                        "underlyingPremium": -0.85,
                        "underlyingPremiumTotal": -4.25,
                        "entryPremium": -50,
                        "entryPremiumTotal": -250,
                        "deltaOrdered": -0.0103,
                        "deltaOrderedTotal": -0.0515,
                        "gammaOrdered": -0.0001,
                        "gammaOrderedTotal": -0.0005,
                        "thetaOrdered": 1.7087,
                        "thetaOrderedTotal": 8.5435,
                        "vegaOrdered": -0.3631,
                        "vegaOrderedTotal": -1.8155,
                        "orderHelper": "NIFTY_16-Feb-2023_18500_CE@50"
                    }
                },
                {
                    "CPE": {
                        "underlying": "NIFTY",
                        "impliedVolatility": 18.27,
                        "underlyingValue": 17919.35,
                        "premium": 0.86,
                        "delta": 0.0104,
                        "gamma": 0.0001,
                        "vega": 0.3666,
                        "theta": -1.7253,
                        "iv": 0,
                        "timeValue": 0.86,
                        "points": 49.14,
                        "PL": 12285,
                        "premiumStatus": "RECEIVED",
                        "entry": 50,
                        "lotsize": 50,
                        "numlots": 5,
                        "orderType": "Sell",
                        "quantity": 250,
                        "underlyingPremium": -0.86,
                        "underlyingPremiumTotal": -4.3,
                        "entryPremium": -50,
                        "entryPremiumTotal": -250,
                        "deltaOrdered": -0.0104,
                        "deltaOrderedTotal": -0.052,
                        "gammaOrdered": -0.0001,
                        "gammaOrderedTotal": -0.0005,
                        "thetaOrdered": 1.7253,
                        "thetaOrderedTotal": 8.6265,
                        "vegaOrdered": -0.3666,
                        "vegaOrderedTotal": -1.833,
                        "orderHelper": "NIFTY_16-Feb-2023_18500_CE@50"
                    }
                },
                {
                    "CPE": {
                        "underlying": "NIFTY",
                        "impliedVolatility": 18.27,
                        "underlyingValue": 17920.35,
                        "premium": 0.87,
                        "delta": 0.0105,
                        "gamma": 0.0001,
                        "vega": 0.3701,
                        "theta": -1.742,
                        "iv": 0,
                        "timeValue": 0.87,
                        "points": 49.13,
                        "PL": 12282.5,
                        "premiumStatus": "RECEIVED",
                        "entry": 50,
                        "lotsize": 50,
                        "numlots": 5,
                        "orderType": "Sell",
                        "quantity": 250,
                        "underlyingPremium": -0.87,
                        "underlyingPremiumTotal": -4.35,
                        "entryPremium": -50,
                        "entryPremiumTotal": -250,
                        "deltaOrdered": -0.0105,
                        "deltaOrderedTotal": -0.0525,
                        "gammaOrdered": -0.0001,
                        "gammaOrderedTotal": -0.0005,
                        "thetaOrdered": 1.742,
                        "thetaOrderedTotal": 8.71,
                        "vegaOrdered": -0.3701,
                        "vegaOrderedTotal": -1.8505,
                        "orderHelper": "NIFTY_16-Feb-2023_18500_CE@50"
                    }
                },
                {
                    "CPE": {
                        "underlying": "NIFTY",
                        "impliedVolatility": 18.27,
                        "underlyingValue": 17921.35,
                        "premium": 0.88,
                        "delta": 0.0107,
                        "gamma": 0.0001,
                        "vega": 0.3737,
                        "theta": -1.7588,
                        "iv": 0,
                        "timeValue": 0.88,
                        "points": 49.12,
                        "PL": 12280,
                        "premiumStatus": "RECEIVED",
                        "entry": 50,
                        "lotsize": 50,
                        "numlots": 5,
                        "orderType": "Sell",
                        "quantity": 250,
                        "underlyingPremium": -0.88,
                        "underlyingPremiumTotal": -4.4,
                        "entryPremium": -50,
                        "entryPremiumTotal": -250,
                        "deltaOrdered": -0.0107,
                        "deltaOrderedTotal": -0.0535,
                        "gammaOrdered": -0.0001,
                        "gammaOrderedTotal": -0.0005,
                        "thetaOrdered": 1.7588,
                        "thetaOrderedTotal": 8.794,
                        "vegaOrdered": -0.3737,
                        "vegaOrderedTotal": -1.8685,
                        "orderHelper": "NIFTY_16-Feb-2023_18500_CE@50"
                    }
                },
                {
                    "CPE": {
                        "underlying": "NIFTY",
                        "impliedVolatility": 18.27,
                        "underlyingValue": 17922.35,
                        "premium": 0.89,
                        "delta": 0.0108,
                        "gamma": 0.0001,
                        "vega": 0.3772,
                        "theta": -1.7757,
                        "iv": 0,
                        "timeValue": 0.89,
                        "points": 49.11,
                        "PL": 12277.5,
                        "premiumStatus": "RECEIVED",
                        "entry": 50,
                        "lotsize": 50,
                        "numlots": 5,
                        "orderType": "Sell",
                        "quantity": 250,
                        "underlyingPremium": -0.89,
                        "underlyingPremiumTotal": -4.45,
                        "entryPremium": -50,
                        "entryPremiumTotal": -250,
                        "deltaOrdered": -0.0108,
                        "deltaOrderedTotal": -0.054,
                        "gammaOrdered": -0.0001,
                        "gammaOrderedTotal": -0.0005,
                        "thetaOrdered": 1.7757,
                        "thetaOrderedTotal": 8.8785,
                        "vegaOrdered": -0.3772,
                        "vegaOrderedTotal": -1.886,
                        "orderHelper": "NIFTY_16-Feb-2023_18500_CE@50"
                    }
                },
                {
                    "CPE": {
                        "underlying": "NIFTY",
                        "impliedVolatility": 18.27,
                        "underlyingValue": 17923.35,
                        "premium": 0.9,
                        "delta": 0.0109,
                        "gamma": 0.0001,
                        "vega": 0.3809,
                        "theta": -1.7928,
                        "iv": 0,
                        "timeValue": 0.9,
                        "points": 49.1,
                        "PL": 12275,
                        "premiumStatus": "RECEIVED",
                        "entry": 50,
                        "lotsize": 50,
                        "numlots": 5,
                        "orderType": "Sell",
                        "quantity": 250,
                        "underlyingPremium": -0.9,
                        "underlyingPremiumTotal": -4.5,
                        "entryPremium": -50,
                        "entryPremiumTotal": -250,
                        "deltaOrdered": -0.0109,
                        "deltaOrderedTotal": -0.0545,
                        "gammaOrdered": -0.0001,
                        "gammaOrderedTotal": -0.0005,
                        "thetaOrdered": 1.7928,
                        "thetaOrderedTotal": 8.964,
                        "vegaOrdered": -0.3809,
                        "vegaOrderedTotal": -1.9045,
                        "orderHelper": "NIFTY_16-Feb-2023_18500_CE@50"
                    }
                },
                {
                    "CPE": {
                        "underlying": "NIFTY",
                        "impliedVolatility": 18.27,
                        "underlyingValue": 17924.35,
                        "premium": 0.91,
                        "delta": 0.011,
                        "gamma": 0.0001,
                        "vega": 0.3845,
                        "theta": -1.81,
                        "iv": 0,
                        "timeValue": 0.91,
                        "points": 49.09,
                        "PL": 12272.5,
                        "premiumStatus": "RECEIVED",
                        "entry": 50,
                        "lotsize": 50,
                        "numlots": 5,
                        "orderType": "Sell",
                        "quantity": 250,
                        "underlyingPremium": -0.91,
                        "underlyingPremiumTotal": -4.55,
                        "entryPremium": -50,
                        "entryPremiumTotal": -250,
                        "deltaOrdered": -0.011,
                        "deltaOrderedTotal": -0.055,
                        "gammaOrdered": -0.0001,
                        "gammaOrderedTotal": -0.0005,
                        "thetaOrdered": 1.81,
                        "thetaOrderedTotal": 9.05,
                        "vegaOrdered": -0.3845,
                        "vegaOrderedTotal": -1.9225,
                        "orderHelper": "NIFTY_16-Feb-2023_18500_CE@50"
                    }
                },
                {
                    "CPE": {
                        "underlying": "NIFTY",
                        "impliedVolatility": 18.27,
                        "underlyingValue": 17925.35,
                        "premium": 0.92,
                        "delta": 0.0111,
                        "gamma": 0.0001,
                        "vega": 0.3882,
                        "theta": -1.8274,
                        "iv": 0,
                        "timeValue": 0.92,
                        "points": 49.08,
                        "PL": 12270,
                        "premiumStatus": "RECEIVED",
                        "entry": 50,
                        "lotsize": 50,
                        "numlots": 5,
                        "orderType": "Sell",
                        "quantity": 250,
                        "underlyingPremium": -0.92,
                        "underlyingPremiumTotal": -4.6000000000000005,
                        "entryPremium": -50,
                        "entryPremiumTotal": -250,
                        "deltaOrdered": -0.0111,
                        "deltaOrderedTotal": -0.0555,
                        "gammaOrdered": -0.0001,
                        "gammaOrderedTotal": -0.0005,
                        "thetaOrdered": 1.8274,
                        "thetaOrderedTotal": 9.137,
                        "vegaOrdered": -0.3882,
                        "vegaOrderedTotal": -1.941,
                        "orderHelper": "NIFTY_16-Feb-2023_18500_CE@50"
                    }
                },
                {
                    "CPE": {
                        "underlying": "NIFTY",
                        "impliedVolatility": 18.27,
                        "underlyingValue": 17926.35,
                        "premium": 0.93,
                        "delta": 0.0112,
                        "gamma": 0.0001,
                        "vega": 0.3919,
                        "theta": -1.8448,
                        "iv": 0,
                        "timeValue": 0.93,
                        "points": 49.07,
                        "PL": 12267.5,
                        "premiumStatus": "RECEIVED",
                        "entry": 50,
                        "lotsize": 50,
                        "numlots": 5,
                        "orderType": "Sell",
                        "quantity": 250,
                        "underlyingPremium": -0.93,
                        "underlyingPremiumTotal": -4.65,
                        "entryPremium": -50,
                        "entryPremiumTotal": -250,
                        "deltaOrdered": -0.0112,
                        "deltaOrderedTotal": -0.056,
                        "gammaOrdered": -0.0001,
                        "gammaOrderedTotal": -0.0005,
                        "thetaOrdered": 1.8448,
                        "thetaOrderedTotal": 9.224,
                        "vegaOrdered": -0.3919,
                        "vegaOrderedTotal": -1.9595,
                        "orderHelper": "NIFTY_16-Feb-2023_18500_CE@50"
                    }
                },
                {
                    "CPE": {
                        "underlying": "NIFTY",
                        "impliedVolatility": 18.27,
                        "underlyingValue": 17927.35,
                        "premium": 0.94,
                        "delta": 0.0114,
                        "gamma": 0.0001,
                        "vega": 0.3956,
                        "theta": -1.8625,
                        "iv": 0,
                        "timeValue": 0.94,
                        "points": 49.06,
                        "PL": 12265,
                        "premiumStatus": "RECEIVED",
                        "entry": 50,
                        "lotsize": 50,
                        "numlots": 5,
                        "orderType": "Sell",
                        "quantity": 250,
                        "underlyingPremium": -0.94,
                        "underlyingPremiumTotal": -4.699999999999999,
                        "entryPremium": -50,
                        "entryPremiumTotal": -250,
                        "deltaOrdered": -0.0114,
                        "deltaOrderedTotal": -0.057,
                        "gammaOrdered": -0.0001,
                        "gammaOrderedTotal": -0.0005,
                        "thetaOrdered": 1.8625,
                        "thetaOrderedTotal": 9.3125,
                        "vegaOrdered": -0.3956,
                        "vegaOrderedTotal": -1.978,
                        "orderHelper": "NIFTY_16-Feb-2023_18500_CE@50"
                    }
                }
            ]
        }
    ],
    "compare": [
        {
            "underlyingValue": 17917.35,
            "18100_PE-points": -143.47,
            "18100_PE-PL": -35867.5,
            "18100_PE-iv": 182.65,
            "18100_PE-timeValue": 10.82,
            "18100_PE-premium": 193.47,
            "18500_CE-points": 49.16,
            "18500_CE-PL": 12290,
            "18500_CE-iv": 0,
            "18500_CE-timeValue": 0.84,
            "18500_CE-premium": 0.84,
            "NetPoints": -94.31,
            "NetPL": -23577.5,
            "NetIV": 182.65,
            "NetTimeValue": 11.66
        },
        {
            "underlyingValue": 17918.35,
            "18100_PE-points": -142.67,
            "18100_PE-PL": -35667.5,
            "18100_PE-iv": 181.65,
            "18100_PE-timeValue": 11.02,
            "18100_PE-premium": 192.67,
            "18500_CE-points": 49.15,
            "18500_CE-PL": 12287.5,
            "18500_CE-iv": 0,
            "18500_CE-timeValue": 0.85,
            "18500_CE-premium": 0.85,
            "NetPoints": -93.51999999999998,
            "NetPL": -23380,
            "NetIV": 181.65,
            "NetTimeValue": 11.87
        },
        {
            "underlyingValue": 17919.35,
            "18100_PE-points": -141.86,
            "18100_PE-PL": -35465,
            "18100_PE-iv": 180.65,
            "18100_PE-timeValue": 11.21,
            "18100_PE-premium": 191.86,
            "18500_CE-points": 49.14,
            "18500_CE-PL": 12285,
            "18500_CE-iv": 0,
            "18500_CE-timeValue": 0.86,
            "18500_CE-premium": 0.86,
            "NetPoints": -92.72000000000001,
            "NetPL": -23180,
            "NetIV": 180.65,
            "NetTimeValue": 12.07
        },
        {
            "underlyingValue": 17920.35,
            "18100_PE-points": -141.06,
            "18100_PE-PL": -35265,
            "18100_PE-iv": 179.65,
            "18100_PE-timeValue": 11.41,
            "18100_PE-premium": 191.06,
            "18500_CE-points": 49.13,
            "18500_CE-PL": 12282.5,
            "18500_CE-iv": 0,
            "18500_CE-timeValue": 0.87,
            "18500_CE-premium": 0.87,
            "NetPoints": -91.93,
            "NetPL": -22982.5,
            "NetIV": 179.65,
            "NetTimeValue": 12.28
        },
        {
            "underlyingValue": 17921.35,
            "18100_PE-points": -140.25,
            "18100_PE-PL": -35062.5,
            "18100_PE-iv": 178.65,
            "18100_PE-timeValue": 11.6,
            "18100_PE-premium": 190.25,
            "18500_CE-points": 49.12,
            "18500_CE-PL": 12280,
            "18500_CE-iv": 0,
            "18500_CE-timeValue": 0.88,
            "18500_CE-premium": 0.88,
            "NetPoints": -91.13,
            "NetPL": -22782.5,
            "NetIV": 178.65,
            "NetTimeValue": 12.48
        },
        {
            "underlyingValue": 17922.35,
            "18100_PE-points": -139.45,
            "18100_PE-PL": -34862.5,
            "18100_PE-iv": 177.65,
            "18100_PE-timeValue": 11.8,
            "18100_PE-premium": 189.45,
            "18500_CE-points": 49.11,
            "18500_CE-PL": 12277.5,
            "18500_CE-iv": 0,
            "18500_CE-timeValue": 0.89,
            "18500_CE-premium": 0.89,
            "NetPoints": -90.33999999999999,
            "NetPL": -22585,
            "NetIV": 177.65,
            "NetTimeValue": 12.69
        },
        {
            "underlyingValue": 17923.35,
            "18100_PE-points": -138.65,
            "18100_PE-PL": -34662.5,
            "18100_PE-iv": 176.65,
            "18100_PE-timeValue": 12,
            "18100_PE-premium": 188.65,
            "18500_CE-points": 49.1,
            "18500_CE-PL": 12275,
            "18500_CE-iv": 0,
            "18500_CE-timeValue": 0.9,
            "18500_CE-premium": 0.9,
            "NetPoints": -89.55000000000001,
            "NetPL": -22387.5,
            "NetIV": 176.65,
            "NetTimeValue": 12.9
        },
        {
            "underlyingValue": 17924.35,
            "18100_PE-points": -137.85,
            "18100_PE-PL": -34462.5,
            "18100_PE-iv": 175.65,
            "18100_PE-timeValue": 12.2,
            "18100_PE-premium": 187.85,
            "18500_CE-points": 49.09,
            "18500_CE-PL": 12272.5,
            "18500_CE-iv": 0,
            "18500_CE-timeValue": 0.91,
            "18500_CE-premium": 0.91,
            "NetPoints": -88.75999999999999,
            "NetPL": -22190,
            "NetIV": 175.65,
            "NetTimeValue": 13.11
        },
        {
            "underlyingValue": 17925.35,
            "18100_PE-points": -137.06,
            "18100_PE-PL": -34265,
            "18100_PE-iv": 174.65,
            "18100_PE-timeValue": 12.41,
            "18100_PE-premium": 187.06,
            "18500_CE-points": 49.08,
            "18500_CE-PL": 12270,
            "18500_CE-iv": 0,
            "18500_CE-timeValue": 0.92,
            "18500_CE-premium": 0.92,
            "NetPoints": -87.98,
            "NetPL": -21995,
            "NetIV": 174.65,
            "NetTimeValue": 13.33
        },
        {
            "underlyingValue": 17926.35,
            "18100_PE-points": -136.26,
            "18100_PE-PL": -34065,
            "18100_PE-iv": 173.65,
            "18100_PE-timeValue": 12.61,
            "18100_PE-premium": 186.26,
            "18500_CE-points": 49.07,
            "18500_CE-PL": 12267.5,
            "18500_CE-iv": 0,
            "18500_CE-timeValue": 0.93,
            "18500_CE-premium": 0.93,
            "NetPoints": -87.19,
            "NetPL": -21797.5,
            "NetIV": 173.65,
            "NetTimeValue": 13.54
        }
    ]
}